Matchup,Line 1,WP 1,Line 2,WP 2,Best Bet,Confidence
MIL @ WAS,MIL -1000,0.8206727101472391,WAS +650,0.178883011589833,WAS +650,0.045549678256499665
LA L @ TOR,LA L -950,0.8267558318365136,TOR +625,0.1727998899005586,TOR +625,0.03486885541779999
NY  @ MIA,NY  +124,0.4509582978295511,MIA -148,0.5485974239075211,NY  +124,0.004529726400979706
OKC @ PHI,OKC -205,0.723043229175219,PHI +170,0.2765124925618531,OKC -205,0.05091208163423544
HOU @ MIN,HOU +275,0.34987383357768187,MIN -345,0.6496818881593903,HOU +275,0.0832071669110152
CLE @ UTA,CLE -750,0.6434713503151985,UTA +525,0.35608437142187355,UTA +525,0.19608437142187354
SA  @ DEN,SA  +1000,0.06377513864470002,DEN -1800,0.9357805830923721,DEN -1800,-0.011587837960259417
DAL @ GS ,DAL -105,0.5107997909216915,GS  -115,0.48875593081538077,DAL -105,-0.0013953310295280463
LA C @ SAC,LA C -170,0.46325969741743894,SAC +142,0.5362960243196332,SAC +142,0.12307288382376541
