Matchup,Line 1,Line 2,Best Bet,Confidence
MEM @ CLE,MEM +1100,CLE -2100,MEM +1100,0.19918733648517373
DAL @ MIA,DAL -118,MIA -102,DAL -118,0.07960121419298694
TOR @ BKN,TOR +440,BKN -600,TOR +440,0.12385528088497294
CHA @ ATL,CHA +410,ATL -550,CHA +410,0.004545510128769914
ORL @ MIL,ORL -118,MIL -102,MIL -102,0.03595495158417772
SA  @ OKC,SA  +800,OKC -1350,SA  +800,0.010866093518986986
MIN @ DEN,MIN +190,DEN -230,MIN +190,0.053791162861315356
PHO @ LA C,PHO -198,LA C +164,LA C +164,0.23312998920384403
