Matchup,Line 1,Line 2,Best Bet,Confidence
CHI @ WAS,CHI -122,WAS +102,CHI -122,0.17050735427216301
ORL @ PHI,ORL +250,PHI -310,ORL +250,0.1460983253099084
BKN @ NY ,BKN +425,NY  -575,BKN +425,0.0629396275666112
IND @ CLE,IND +130,CLE -155,IND +130,0.10795619800109924
CHA @ BOS,CHA +245,BOS -298,BOS -298,0.30071211341475035
MIL @ OKC,MIL +625,OKC -950,MIL +625,0.15267591987163992
LA L @ MEM,LA L -1100,MEM +700,MEM +700,0.13643982328988002
PHO @ SAC,PHO -198,SAC +164,SAC +164,0.12104969199639287
